,country_code,country,sdr_id,date,Suspected cases,Confirmed cases,Deaths,New cases,Cases,Probable cases
474,GN,Guinea,4,41722,0.0,0.0,0.0,0.0,0.0,0.0
475,GN,Guinea,4,41723,0.0,0.0,0.0,0.0,0.0,0.0
476,GN,Guinea,4,41724,0.0,0.0,0.0,0.0,0.0,0.0
477,GN,Guinea,4,41725,0.0,0.0,0.0,0.0,0.0,0.0
478,GN,Guinea,4,41726,0.0,0.0,0.0,0.0,0.0,0.0
479,GN,Guinea,4,41727,0.0,0.0,0.0,0.0,0.0,0.0
480,GN,Guinea,4,41728,0.0,0.0,0.0,0.0,0.0,0.0
481,GN,Guinea,4,41729,0.0,0.0,0.0,0.0,0.0,0.0
482,GN,Guinea,4,41730,0.0,0.0,0.0,0.0,0.0,0.0
483,GN,Guinea,4,41731,0.0,0.0,0.0,0.0,0.0,0.0
484,GN,Guinea,4,41732,0.0,0.0,0.0,0.0,0.0,0.0
485,GN,Guinea,4,41733,0.0,0.0,0.0,0.0,0.0,0.0
486,GN,Guinea,4,41734,0.0,0.0,0.0,0.0,0.0,0.0
487,GN,Guinea,4,41735,0.0,0.0,0.0,0.0,0.0,0.0
488,GN,Guinea,4,41736,0.0,0.0,0.0,0.0,0.0,0.0
489,GN,Guinea,4,41737,0.0,0.0,0.0,0.0,0.0,0.0
490,GN,Guinea,4,41738,0.0,0.0,0.0,0.0,0.0,0.0
491,GN,Guinea,4,41739,0.0,0.0,0.0,0.0,0.0,0.0
492,GN,Guinea,4,41740,0.0,0.0,0.0,0.0,0.0,0.0
493,GN,Guinea,4,41741,0.0,0.0,0.0,0.0,0.0,0.0
494,GN,Guinea,4,41742,0.0,0.0,0.0,0.0,0.0,0.0
495,GN,Guinea,4,41743,0.0,0.0,0.0,0.0,0.0,0.0
496,GN,Guinea,4,41744,0.0,0.0,0.0,0.0,0.0,0.0
497,GN,Guinea,4,41745,0.0,0.0,0.0,0.0,0.0,0.0
498,GN,Guinea,4,41746,0.0,0.0,0.0,0.0,0.0,0.0
499,GN,Guinea,4,41747,0.0,0.0,0.0,0.0,0.0,0.0
500,GN,Guinea,4,41748,0.0,0.0,0.0,0.0,0.0,0.0
501,GN,Guinea,4,41749,0.0,0.0,0.0,0.0,0.0,0.0
502,GN,Guinea,4,41750,0.0,0.0,0.0,0.0,0.0,0.0
503,GN,Guinea,4,41751,0.0,0.0,0.0,0.0,0.0,0.0
504,GN,Guinea,4,41752,0.0,0.0,0.0,0.0,0.0,0.0
505,GN,Guinea,4,41753,0.0,0.0,0.0,0.0,0.0,0.0
506,GN,Guinea,4,41754,0.0,0.0,0.0,0.0,0.0,0.0
507,GN,Guinea,4,41755,0.0,0.0,0.0,0.0,0.0,0.0
508,GN,Guinea,4,41756,0.0,0.0,0.0,0.0,0.0,0.0
509,GN,Guinea,4,41757,0.0,0.0,0.0,0.0,0.0,0.0
510,GN,Guinea,4,41758,0.0,0.0,0.0,0.0,0.0,0.0
511,GN,Guinea,4,41759,0.0,0.0,0.0,0.0,0.0,0.0
512,GN,Guinea,4,41760,0.0,0.0,0.0,0.0,0.0,0.0
513,GN,Guinea,4,41761,0.0,0.0,0.0,0.0,0.0,0.0
514,GN,Guinea,4,41762,0.0,0.0,0.0,0.0,0.0,0.0
515,GN,Guinea,4,41763,0.0,0.0,0.0,0.0,0.0,0.0
516,GN,Guinea,4,41764,0.0,0.0,0.0,0.0,0.0,0.0
517,GN,Guinea,4,41765,0.0,0.0,0.0,0.0,0.0,0.0
518,GN,Guinea,4,41766,0.0,0.0,0.0,0.0,0.0,0.0
519,GN,Guinea,4,41767,0.0,0.0,0.0,0.0,0.0,0.0
520,GN,Guinea,4,41768,0.0,0.0,0.0,0.0,0.0,0.0
521,GN,Guinea,4,41769,0.0,0.0,0.0,0.0,0.0,0.0
522,GN,Guinea,4,41770,0.0,0.0,0.0,0.0,0.0,0.0
523,GN,Guinea,4,41771,0.0,0.0,0.0,0.0,0.0,0.0
524,GN,Guinea,4,41772,0.0,0.0,0.0,0.0,0.0,0.0
525,GN,Guinea,4,41773,0.0,0.0,0.0,0.0,0.0,0.0
526,GN,Guinea,4,41774,0.0,0.0,0.0,0.0,0.0,0.0
527,GN,Guinea,4,41775,0.0,0.0,0.0,0.0,0.0,0.0
528,GN,Guinea,4,41776,0.0,0.0,0.0,0.0,0.0,0.0
529,GN,Guinea,4,41777,0.0,0.0,0.0,0.0,0.0,0.0
530,GN,Guinea,4,41778,0.0,0.0,0.0,0.0,0.0,0.0
531,GN,Guinea,4,41779,0.0,0.0,0.0,0.0,0.0,0.0
532,GN,Guinea,4,41780,0.0,0.0,0.0,0.0,0.0,0.0
533,GN,Guinea,4,41781,0.0,0.0,0.0,0.0,0.0,0.0
534,GN,Guinea,4,41782,0.0,0.0,0.0,0.0,0.0,0.0
535,GN,Guinea,4,41783,0.0,0.0,0.0,0.0,0.0,0.0
536,GN,Guinea,4,41784,0.0,0.0,0.0,0.0,0.0,0.0
537,GN,Guinea,4,41785,0.0,0.0,0.0,0.0,0.0,0.0
538,GN,Guinea,4,41786,0.0,0.0,0.0,0.0,0.0,0.0
539,GN,Guinea,4,41787,0.0,0.0,0.0,0.0,0.0,0.0
540,GN,Guinea,4,41788,0.0,0.0,0.0,0.0,0.0,0.0
541,GN,Guinea,4,41789,0.0,0.0,0.0,0.0,0.0,0.0
542,GN,Guinea,4,41790,0.0,0.0,0.0,0.0,0.0,0.0
543,GN,Guinea,4,41791,0.0,0.0,0.0,0.0,0.0,0.0
544,GN,Guinea,4,41792,0.0,0.0,0.0,0.0,0.0,0.0
545,GN,Guinea,4,41793,0.0,0.0,0.0,0.0,0.0,0.0
546,GN,Guinea,4,41794,0.0,0.0,0.0,0.0,0.0,0.0
547,GN,Guinea,4,41795,0.0,0.0,1.0,0.0,1.0,1.0
548,GN,Guinea,4,41796,0.0,1.0,1.0,0.0,1.0,1.0
549,GN,Guinea,4,41797,0.0,1.0,1.0,0.0,1.0,1.0
550,GN,Guinea,4,41798,0.0,1.0,1.0,0.0,1.0,1.0
551,GN,Guinea,4,41799,0.0,1.0,1.0,0.0,1.0,1.0
552,GN,Guinea,4,41800,0.0,1.0,1.0,0.0,1.0,1.0
553,GN,Guinea,4,41801,0.0,1.0,1.0,0.0,1.0,1.0
554,GN,Guinea,4,41802,0.0,1.0,1.0,0.0,1.0,1.0
555,GN,Guinea,4,41803,0.0,1.0,1.0,0.0,1.0,1.0
556,GN,Guinea,4,41804,0.0,1.0,1.0,0.0,1.0,1.0
557,GN,Guinea,4,41805,0.0,1.0,1.0,0.0,1.0,1.0
558,GN,Guinea,4,41806,0.0,1.0,1.0,0.0,1.0,1.0
559,GN,Guinea,4,41807,0.0,1.0,1.0,0.0,1.0,1.0
560,GN,Guinea,4,41808,0.0,1.0,1.0,0.0,1.0,1.0
561,GN,Guinea,4,41809,0.0,1.0,1.0,0.0,1.0,1.0
562,GN,Guinea,4,41810,0.0,1.0,1.0,0.0,1.0,1.0
563,GN,Guinea,4,41811,0.0,1.0,1.0,0.0,1.0,1.0
564,GN,Guinea,4,41812,0.0,1.0,1.0,0.0,1.0,1.0
565,GN,Guinea,4,41813,0.0,1.0,1.0,0.0,2.0,1.0
566,GN,Guinea,4,41814,0.0,1.0,2.0,0.0,2.0,1.0
567,GN,Guinea,4,41815,0.0,1.0,2.0,0.0,3.0,1.0
568,GN,Guinea,4,41816,0.0,1.0,2.0,0.0,3.0,1.0
569,GN,Guinea,4,41817,0.0,1.0,3.0,0.0,4.0,1.0
570,GN,Guinea,4,41818,0.0,1.0,3.0,0.0,4.0,1.0
571,GN,Guinea,4,41819,0.0,1.0,3.0,0.0,4.0,1.0
572,GN,Guinea,4,41820,0.0,1.0,3.0,0.0,4.0,1.0
573,GN,Guinea,4,41821,0.0,1.0,3.0,0.0,4.0,1.0
574,GN,Guinea,4,41822,0.0,1.0,3.0,0.0,4.0,1.0
575,GN,Guinea,4,41823,0.0,1.0,3.0,0.0,4.0,1.0
576,GN,Guinea,4,41824,0.0,1.0,3.0,0.0,4.0,1.0
577,GN,Guinea,4,41825,0.0,1.0,3.0,0.0,4.0,1.0
578,GN,Guinea,4,41826,0.0,1.0,3.0,0.0,4.0,1.0
579,GN,Guinea,4,41827,0.0,1.0,3.0,0.0,4.0,1.0
580,GN,Guinea,4,41828,0.0,1.0,3.0,0.0,4.0,1.0
581,GN,Guinea,4,41829,0.0,1.0,3.0,0.0,4.0,1.0
582,GN,Guinea,4,41830,0.0,1.0,3.0,0.0,4.0,1.0
583,GN,Guinea,4,41831,0.0,1.0,3.0,0.0,4.0,1.0
584,GN,Guinea,4,41832,0.0,1.0,3.0,0.0,4.0,1.0
585,GN,Guinea,4,41833,0.0,1.0,3.0,0.0,4.0,1.0
586,GN,Guinea,4,41834,0.0,1.0,3.0,0.0,4.0,1.0
587,GN,Guinea,4,41835,0.0,1.0,3.0,0.0,4.0,1.0
588,GN,Guinea,4,41836,0.0,1.0,3.0,0.0,4.0,1.0
589,GN,Guinea,4,41837,0.0,1.0,3.0,0.0,4.0,1.0
590,GN,Guinea,4,41838,0.0,1.0,3.0,0.0,4.0,1.0
591,GN,Guinea,4,41839,0.0,1.0,3.0,0.0,4.0,1.0
592,GN,Guinea,4,41840,0.0,1.0,3.0,0.0,4.0,1.0
593,GN,Guinea,4,41841,0.0,1.0,3.0,0.0,4.0,1.0
594,GN,Guinea,4,41842,0.0,1.0,3.0,0.0,4.0,1.0
595,GN,Guinea,4,41843,0.0,1.0,3.0,0.0,4.0,1.0
596,GN,Guinea,4,41844,0.0,1.0,3.0,0.0,4.0,1.0
597,GN,Guinea,4,41845,0.0,1.0,3.0,0.0,4.0,1.0
598,GN,Guinea,4,41846,0.0,1.0,3.0,0.0,4.0,1.0
599,GN,Guinea,4,41847,0.0,1.0,3.0,0.0,4.0,1.0
600,GN,Guinea,4,41848,0.0,1.0,3.0,0.0,4.0,1.0
601,GN,Guinea,4,41849,0.0,1.0,3.0,0.0,4.0,1.0
602,GN,Guinea,4,41850,0.0,1.0,3.0,0.0,4.0,1.0
603,GN,Guinea,4,41851,0.0,1.0,3.0,0.0,4.0,1.0
604,GN,Guinea,4,41852,0.0,1.0,3.0,0.0,4.0,1.0
605,GN,Guinea,4,41853,0.0,1.0,3.0,0.0,4.0,1.0
606,GN,Guinea,4,41854,0.0,1.0,3.0,0.0,4.0,1.0
607,GN,Guinea,4,41855,0.0,1.0,3.0,0.0,4.0,1.0
608,GN,Guinea,4,41856,0.0,1.0,3.0,0.0,4.0,1.0
609,GN,Guinea,4,41857,0.0,1.0,3.0,0.0,4.0,1.0
610,GN,Guinea,4,41858,0.0,1.0,3.0,0.0,4.0,1.0
611,GN,Guinea,4,41859,0.0,1.0,3.0,0.0,4.0,1.0
612,GN,Guinea,4,41860,0.0,1.0,3.0,0.0,4.0,1.0
613,GN,Guinea,4,41861,0.0,1.0,3.0,0.0,4.0,1.0
614,GN,Guinea,4,41862,0.0,1.0,3.0,0.0,4.0,1.0
615,GN,Guinea,4,41863,0.0,1.0,3.0,0.0,4.0,1.0
616,GN,Guinea,4,41864,0.0,1.0,3.0,0.0,4.0,1.0
617,GN,Guinea,4,41865,0.0,6.0,7.0,0.0,10.0,2.0
618,GN,Guinea,4,41866,0.0,6.0,7.0,0.0,10.0,2.0
619,GN,Guinea,4,41867,0.0,6.0,7.0,0.0,10.0,2.0
620,GN,Guinea,4,41868,0.0,6.0,7.0,0.0,10.0,2.0
621,GN,Guinea,4,41869,0.0,6.0,7.0,0.0,10.0,2.0
622,GN,Guinea,4,41870,0.0,6.0,7.0,0.0,10.0,2.0
623,GN,Guinea,4,41871,0.0,8.0,7.0,0.0,10.0,2.0
624,GN,Guinea,4,41872,0.0,8.0,7.0,0.0,10.0,2.0
625,GN,Guinea,4,41873,0.0,8.0,7.0,0.0,10.0,2.0
626,GN,Guinea,4,41874,0.0,8.0,7.0,0.0,10.0,2.0
627,GN,Guinea,4,41875,0.0,8.0,7.0,0.0,10.0,2.0
628,GN,Guinea,4,41876,0.0,8.0,7.0,0.0,10.0,2.0
629,GN,Guinea,4,41877,0.0,8.0,7.0,0.0,10.0,2.0
630,GN,Guinea,4,41878,0.0,8.0,7.0,0.0,10.0,2.0
631,GN,Guinea,4,41879,0.0,8.0,7.0,0.0,10.0,2.0
632,GN,Guinea,4,41880,0.0,8.0,7.0,0.0,10.0,2.0
633,GN,Guinea,4,41881,0.0,8.0,7.0,0.0,10.0,2.0
634,GN,Guinea,4,41882,4.0,17.0,7.0,10.0,20.0,2.0
635,GN,Guinea,4,41883,5.0,17.0,7.0,0.0,24.0,2.0
636,GN,Guinea,4,41884,5.0,18.0,7.0,1.0,24.0,2.0
637,GN,Guinea,4,41885,5.0,18.0,7.0,0.0,24.0,2.0
638,GN,Guinea,4,41886,5.0,19.0,8.0,1.0,25.0,2.0
639,GN,Guinea,4,41887,5.0,19.0,8.0,0.0,25.0,2.0
640,GN,Guinea,4,41888,5.0,19.0,8.0,0.0,25.0,2.0
641,GN,Guinea,4,41889,5.0,19.0,8.0,0.0,26.0,2.0
642,GN,Guinea,4,41890,5.0,22.0,8.0,3.0,26.0,2.0
643,GN,Guinea,4,41891,5.0,26.0,8.0,7.0,28.0,2.0
644,GN,Guinea,4,41892,5.0,26.0,8.0,3.0,31.0,2.0
645,GN,Guinea,4,41893,5.0,28.0,8.0,2.0,31.0,2.0
646,GN,Guinea,4,41894,5.0,28.0,9.0,0.0,31.0,2.0
647,GN,Guinea,4,41895,5.0,28.0,9.0,0.0,31.0,2.0
648,GN,Guinea,4,41896,5.0,28.0,10.0,0.0,32.0,2.0
649,GN,Guinea,4,41897,5.0,29.0,10.0,0.0,32.0,2.0
650,GN,Guinea,4,41898,5.0,31.0,10.0,0.0,33.0,2.0
651,GN,Guinea,4,41899,5.0,31.0,10.0,0.0,33.0,2.0
652,GN,Guinea,4,41900,5.0,31.0,11.0,0.0,33.0,2.0
653,GN,Guinea,4,41901,5.0,31.0,12.0,0.0,33.0,2.0
654,GN,Guinea,4,41902,5.0,31.0,12.0,0.0,33.0,2.0
655,GN,Guinea,4,41903,5.0,31.0,12.0,0.0,33.0,2.0
656,GN,Guinea,4,41904,5.0,31.0,12.0,0.0,33.0,2.0
657,GN,Guinea,4,41905,5.0,31.0,12.0,0.0,33.0,2.0
658,GN,Guinea,4,41906,5.0,31.0,12.0,0.0,33.0,2.0
659,GN,Guinea,4,41907,5.0,32.0,12.0,1.0,34.0,2.0
660,GN,Guinea,4,41908,5.0,32.0,12.0,0.0,34.0,2.0
661,GN,Guinea,4,41909,5.0,32.0,12.0,0.0,34.0,2.0
662,GN,Guinea,4,41910,5.0,32.0,12.0,0.0,34.0,2.0
663,GN,Guinea,4,41911,5.0,32.0,12.0,0.0,34.0,2.0
664,GN,Guinea,4,41912,5.0,32.0,12.0,0.0,34.0,2.0
665,GN,Guinea,4,41913,5.0,33.0,12.0,1.0,35.0,2.0
666,GN,Guinea,4,41914,5.0,34.0,12.0,2.0,36.0,2.0
667,GN,Guinea,4,41915,5.0,35.0,12.0,3.0,38.0,2.0
668,GN,Guinea,4,41916,5.0,36.0,13.0,4.0,39.0,2.0
669,GN,Guinea,4,41917,5.0,37.0,13.0,5.0,41.0,2.0
670,GN,Guinea,4,41918,5.0,38.0,13.0,6.0,42.0,2.0
671,GN,Guinea,4,41919,5.0,40.0,14.0,8.0,44.0,2.0
672,GN,Guinea,4,41920,5.0,42.0,14.0,3.0,44.0,2.0
673,GN,Guinea,4,41921,6.0,42.0,16.0,7.0,50.0,2.0
674,GN,Guinea,4,41922,6.0,46.0,17.0,12.0,54.0,2.0
675,GN,Guinea,4,41923,6.0,47.0,17.0,4.0,55.0,2.0
676,GN,Guinea,4,41924,6.0,48.0,18.0,7.0,56.0,2.0
677,GN,Guinea,4,41925,6.0,50.0,18.0,4.0,61.0,2.0
678,GN,Guinea,4,41926,7.0,59.0,18.0,13.0,66.0,2.0
679,GN,Guinea,4,41927,7.0,60.0,20.0,3.0,68.0,2.0
680,GN,Guinea,4,41928,8.0,62.0,22.0,5.0,68.0,2.0
681,GN,Guinea,4,41929,9.0,63.0,22.0,5.0,69.0,2.0
682,GN,Guinea,4,41930,10.0,66.0,23.0,3.0,72.0,2.0
683,GN,Guinea,4,41931,11.0,69.0,25.0,1.0,75.0,2.0
684,GN,Guinea,4,41932,12.0,70.0,27.0,2.0,79.0,2.0
685,GN,Guinea,4,41933,13.0,77.0,30.0,6.0,84.0,2.0
686,GN,Guinea,4,41934,16.0,78.0,31.0,3.0,87.0,2.0
687,GN,Guinea,4,41935,17.0,80.0,36.0,13.0,99.0,3.0
688,GN,Guinea,4,41936,3.0,85.0,37.0,6.0,99.0,3.0
689,GN,Guinea,4,41937,3.0,90.0,39.0,8.0,100.0,3.0
690,GN,Guinea,4,41938,3.0,90.0,39.0,0.0,100.0,3.0
691,GN,Guinea,4,41939,3.0,94.0,39.0,2.0,102.0,3.0
692,GN,Guinea,4,41940,3.0,97.0,48.0,3.0,105.0,3.0
693,GN,Guinea,4,41941,3.0,97.0,48.0,0.0,105.0,3.0
694,GN,Guinea,4,41942,3.0,98.0,50.0,0.0,109.0,3.0
695,GN,Guinea,4,41943,3.0,98.0,50.0,0.0,110.0,3.0
696,GN,Guinea,4,41944,3.0,98.0,50.0,0.0,112.0,3.0
697,GN,Guinea,4,41945,3.0,101.0,51.0,7.0,116.0,3.0
698,GN,Guinea,4,41946,3.0,103.0,52.0,3.0,121.0,3.0
699,GN,Guinea,4,41947,3.0,103.0,52.0,0.0,127.0,3.0
700,GN,Guinea,4,41948,3.0,115.0,53.0,17.0,133.0,3.0
701,GN,Guinea,4,41949,4.0,128.0,57.0,18.0,141.0,3.0
702,GN,Guinea,4,41950,4.0,129.0,59.0,1.0,143.0,4.0
703,GN,Guinea,4,41951,4.0,132.0,66.0,4.0,145.0,4.0
704,GN,Guinea,4,41952,5.0,135.0,73.0,1.0,147.0,4.0
705,GN,Guinea,4,41953,5.0,139.0,80.0,6.0,150.0,4.0
706,GN,Guinea,4,41954,5.0,139.0,80.0,3.0,150.0,4.0
707,GN,Guinea,4,41955,6.0,140.0,81.0,7.0,154.0,4.0
708,GN,Guinea,4,41956,0.0,143.0,81.0,6.0,157.0,4.0
709,GN,Guinea,4,41957,0.0,143.0,83.0,0.0,157.0,5.0
710,GN,Guinea,4,41958,0.0,147.0,75.0,5.0,161.0,5.0
711,GN,Guinea,5,41722,0.0,0.0,0.0,0.0,0.0,0.0
712,GN,Guinea,5,41723,0.0,0.0,0.0,0.0,0.0,0.0
713,GN,Guinea,5,41724,0.0,0.0,0.0,0.0,0.0,0.0
714,GN,Guinea,5,41725,0.0,0.0,0.0,0.0,0.0,0.0
715,GN,Guinea,5,41726,0.0,0.0,0.0,0.0,0.0,0.0
716,GN,Guinea,5,41727,0.0,0.0,0.0,0.0,0.0,0.0
717,GN,Guinea,5,41728,0.0,0.0,0.0,0.0,0.0,0.0
718,GN,Guinea,5,41729,0.0,0.0,0.0,0.0,0.0,0.0
719,GN,Guinea,5,41730,0.0,0.0,0.0,0.0,0.0,0.0
720,GN,Guinea,5,41731,0.0,0.0,0.0,0.0,0.0,0.0
721,GN,Guinea,5,41732,0.0,0.0,0.0,0.0,0.0,0.0
722,GN,Guinea,5,41733,0.0,0.0,0.0,0.0,0.0,0.0
723,GN,Guinea,5,41734,0.0,0.0,0.0,0.0,0.0,0.0
724,GN,Guinea,5,41735,0.0,0.0,0.0,0.0,0.0,0.0
725,GN,Guinea,5,41736,0.0,0.0,0.0,0.0,0.0,0.0
726,GN,Guinea,5,41737,0.0,0.0,0.0,0.0,0.0,0.0
727,GN,Guinea,5,41738,0.0,0.0,0.0,0.0,0.0,0.0
728,GN,Guinea,5,41739,0.0,0.0,0.0,0.0,0.0,0.0
729,GN,Guinea,5,41740,0.0,0.0,0.0,0.0,0.0,0.0
730,GN,Guinea,5,41741,0.0,0.0,0.0,0.0,0.0,0.0
731,GN,Guinea,5,41742,0.0,0.0,0.0,0.0,0.0,0.0
732,GN,Guinea,5,41743,0.0,0.0,0.0,0.0,0.0,0.0
733,GN,Guinea,5,41744,0.0,0.0,0.0,0.0,0.0,0.0
734,GN,Guinea,5,41745,0.0,0.0,0.0,0.0,0.0,0.0
735,GN,Guinea,5,41746,0.0,0.0,0.0,0.0,0.0,0.0
736,GN,Guinea,5,41747,0.0,0.0,0.0,0.0,0.0,0.0
737,GN,Guinea,5,41748,0.0,0.0,0.0,0.0,0.0,0.0
738,GN,Guinea,5,41749,0.0,0.0,0.0,0.0,0.0,0.0
739,GN,Guinea,5,41750,0.0,0.0,0.0,0.0,0.0,0.0
740,GN,Guinea,5,41751,0.0,0.0,0.0,0.0,0.0,0.0
741,GN,Guinea,5,41752,0.0,0.0,0.0,0.0,0.0,0.0
742,GN,Guinea,5,41753,0.0,0.0,0.0,0.0,0.0,0.0
743,GN,Guinea,5,41754,0.0,0.0,0.0,0.0,0.0,0.0
744,GN,Guinea,5,41755,0.0,0.0,0.0,0.0,0.0,0.0
745,GN,Guinea,5,41756,0.0,0.0,0.0,0.0,0.0,0.0
746,GN,Guinea,5,41757,0.0,0.0,0.0,0.0,0.0,0.0
747,GN,Guinea,5,41758,0.0,0.0,0.0,0.0,0.0,0.0
748,GN,Guinea,5,41759,0.0,0.0,0.0,0.0,0.0,0.0
749,GN,Guinea,5,41760,0.0,0.0,0.0,0.0,0.0,0.0
750,GN,Guinea,5,41761,0.0,0.0,0.0,0.0,0.0,0.0
751,GN,Guinea,5,41762,0.0,0.0,0.0,0.0,0.0,0.0
752,GN,Guinea,5,41763,0.0,0.0,0.0,0.0,0.0,0.0
753,GN,Guinea,5,41764,0.0,0.0,0.0,0.0,0.0,0.0
754,GN,Guinea,5,41765,0.0,0.0,0.0,0.0,0.0,0.0
755,GN,Guinea,5,41766,0.0,0.0,0.0,0.0,0.0,0.0
756,GN,Guinea,5,41767,0.0,0.0,0.0,0.0,0.0,0.0
757,GN,Guinea,5,41768,0.0,0.0,0.0,0.0,0.0,0.0
758,GN,Guinea,5,41769,0.0,0.0,0.0,0.0,0.0,0.0
759,GN,Guinea,5,41770,0.0,0.0,0.0,0.0,0.0,0.0
760,GN,Guinea,5,41771,0.0,0.0,0.0,0.0,0.0,0.0
761,GN,Guinea,5,41772,0.0,0.0,0.0,0.0,0.0,0.0
762,GN,Guinea,5,41773,0.0,0.0,0.0,0.0,0.0,0.0
763,GN,Guinea,5,41774,0.0,0.0,0.0,0.0,0.0,0.0
764,GN,Guinea,5,41775,0.0,0.0,0.0,0.0,0.0,0.0
765,GN,Guinea,5,41776,0.0,0.0,0.0,0.0,0.0,0.0
766,GN,Guinea,5,41777,0.0,0.0,0.0,0.0,0.0,0.0
767,GN,Guinea,5,41778,0.0,0.0,0.0,0.0,0.0,0.0
768,GN,Guinea,5,41779,0.0,0.0,0.0,0.0,0.0,0.0
769,GN,Guinea,5,41780,0.0,0.0,0.0,0.0,0.0,0.0
770,GN,Guinea,5,41781,0.0,0.0,0.0,0.0,0.0,0.0
771,GN,Guinea,5,41782,0.0,9.0,0.0,0.0,3.0,1.0
772,GN,Guinea,5,41783,0.0,9.0,0.0,0.0,5.0,1.0
773,GN,Guinea,5,41784,0.0,9.0,1.0,0.0,7.0,1.0
774,GN,Guinea,5,41785,0.0,9.0,1.0,0.0,9.0,1.0
775,GN,Guinea,5,41786,0.0,9.0,2.0,0.0,11.0,1.0
776,GN,Guinea,5,41787,0.0,10.0,2.0,0.0,13.0,1.0
777,GN,Guinea,5,41788,0.0,10.0,3.0,0.0,15.0,1.0
778,GN,Guinea,5,41789,0.0,10.0,3.0,0.0,17.0,1.0
779,GN,Guinea,5,41790,0.0,10.0,4.0,0.0,19.0,1.0
780,GN,Guinea,5,41791,0.0,10.0,5.0,0.0,22.0,1.0
781,GN,Guinea,5,41792,0.0,10.0,5.0,0.0,22.0,1.0
782,GN,Guinea,5,41793,0.0,11.0,5.0,0.0,23.0,1.0
783,GN,Guinea,5,41794,0.0,11.0,6.0,0.0,24.0,1.0
784,GN,Guinea,5,41795,0.0,11.0,7.0,0.0,25.0,1.0
785,GN,Guinea,5,41796,0.0,11.0,7.0,0.0,25.0,1.0
786,GN,Guinea,5,41797,0.0,11.0,7.0,0.0,25.0,1.0
787,GN,Guinea,5,41798,0.0,11.0,7.0,0.0,26.0,1.0
788,GN,Guinea,5,41799,0.0,11.0,7.0,0.0,26.0,1.0
789,GN,Guinea,5,41800,0.0,12.0,7.0,0.0,27.0,1.0
790,GN,Guinea,5,41801,0.0,12.0,8.0,0.0,27.0,1.0
791,GN,Guinea,5,41802,0.0,12.0,8.0,0.0,28.0,1.0
792,GN,Guinea,5,41803,0.0,12.0,8.0,0.0,28.0,1.0
793,GN,Guinea,5,41804,0.0,12.0,8.0,0.0,29.0,1.0
794,GN,Guinea,5,41805,0.0,12.0,8.0,0.0,29.0,1.0
795,GN,Guinea,5,41806,0.0,13.0,9.0,0.0,30.0,1.0
796,GN,Guinea,5,41807,0.0,13.0,9.0,0.0,0.0,1.0
797,GN,Guinea,5,41808,0.0,13.0,10.0,0.0,0.0,1.0
798,GN,Guinea,5,41809,0.0,13.0,10.0,0.0,0.0,1.0
799,GN,Guinea,5,41810,0.0,13.0,10.0,0.0,0.0,1.0
800,GN,Guinea,5,41811,0.0,13.0,10.0,0.0,0.0,1.0
801,GN,Guinea,5,41812,0.0,13.0,10.0,0.0,0.0,1.0
802,GN,Guinea,5,41813,0.0,14.0,10.0,0.0,0.0,1.0
803,GN,Guinea,5,41814,0.0,14.0,10.0,0.0,0.0,1.0
804,GN,Guinea,5,41815,0.0,14.0,10.0,0.0,0.0,1.0
805,GN,Guinea,5,41816,0.0,14.0,10.0,0.0,0.0,1.0
806,GN,Guinea,5,41817,0.0,14.0,10.0,0.0,0.0,2.0
807,GN,Guinea,5,41818,0.0,14.0,10.0,0.0,0.0,2.0
808,GN,Guinea,5,41819,0.0,15.0,10.0,0.0,0.0,2.0
809,GN,Guinea,5,41820,0.0,15.0,10.0,0.0,0.0,2.0
810,GN,Guinea,5,41821,0.0,15.0,10.0,0.0,0.0,2.0
811,GN,Guinea,5,41822,0.0,15.0,10.0,0.0,0.0,2.0
812,GN,Guinea,5,41823,0.0,15.0,10.0,0.0,0.0,2.0
813,GN,Guinea,5,41824,0.0,15.0,10.0,0.0,0.0,2.0
814,GN,Guinea,5,41825,0.0,15.0,10.0,0.0,0.0,2.0
815,GN,Guinea,5,41826,0.0,16.0,10.0,0.0,0.0,2.0
816,GN,Guinea,5,41827,0.0,16.0,10.0,0.0,0.0,2.0
817,GN,Guinea,5,41828,0.0,16.0,10.0,0.0,0.0,2.0
818,GN,Guinea,5,41829,0.0,16.0,10.0,0.0,0.0,2.0
819,GN,Guinea,5,41830,0.0,16.0,10.0,0.0,0.0,2.0
820,GN,Guinea,5,41831,0.0,16.0,10.0,0.0,0.0,2.0
821,GN,Guinea,5,41832,0.0,17.0,10.0,0.0,0.0,2.0
822,GN,Guinea,5,41833,0.0,17.0,10.0,0.0,0.0,2.0
823,GN,Guinea,5,41834,0.0,17.0,10.0,0.0,0.0,2.0
824,GN,Guinea,5,41835,0.0,17.0,10.0,0.0,0.0,2.0
825,GN,Guinea,5,41836,0.0,17.0,10.0,0.0,0.0,2.0
826,GN,Guinea,5,41837,0.0,17.0,10.0,0.0,0.0,2.0
827,GN,Guinea,5,41838,0.0,17.0,10.0,0.0,0.0,2.0
828,GN,Guinea,5,41839,0.0,18.0,10.0,0.0,0.0,2.0
829,GN,Guinea,5,41840,0.0,18.0,10.0,0.0,0.0,2.0
830,GN,Guinea,5,41841,0.0,18.0,10.0,0.0,0.0,2.0
831,GN,Guinea,5,41842,0.0,18.0,10.0,0.0,0.0,2.0
832,GN,Guinea,5,41843,0.0,18.0,10.0,0.0,0.0,2.0
833,GN,Guinea,5,41844,0.0,18.0,10.0,0.0,0.0,2.0
834,GN,Guinea,5,41845,0.0,19.0,10.0,0.0,0.0,2.0
835,GN,Guinea,5,41846,0.0,19.0,10.0,0.0,0.0,2.0
836,GN,Guinea,5,41847,0.0,19.0,10.0,0.0,0.0,2.0
837,GN,Guinea,5,41848,0.0,19.0,10.0,0.0,0.0,2.0
838,GN,Guinea,5,41849,0.0,19.0,10.0,0.0,0.0,2.0
839,GN,Guinea,5,41850,0.0,19.0,10.0,0.0,0.0,2.0
840,GN,Guinea,5,41851,0.0,19.0,10.0,0.0,0.0,2.0
841,GN,Guinea,5,41852,0.0,20.0,10.0,0.0,0.0,2.0
842,GN,Guinea,5,41853,0.0,20.0,10.0,0.0,0.0,2.0
843,GN,Guinea,5,41854,0.0,20.0,10.0,0.0,0.0,2.0
844,GN,Guinea,5,41855,0.0,20.0,10.0,0.0,0.0,2.0
845,GN,Guinea,5,41856,0.0,20.0,10.0,0.0,0.0,2.0
846,GN,Guinea,5,41857,0.0,20.0,10.0,0.0,0.0,2.0
847,GN,Guinea,5,41858,0.0,21.0,10.0,0.0,0.0,2.0
848,GN,Guinea,5,41859,0.0,21.0,10.0,0.0,0.0,2.0
849,GN,Guinea,5,41860,0.0,21.0,10.0,0.0,0.0,2.0
850,GN,Guinea,5,41861,0.0,21.0,10.0,0.0,0.0,2.0
851,GN,Guinea,5,41862,0.0,21.0,10.0,0.0,0.0,2.0
852,GN,Guinea,5,41863,0.0,21.0,10.0,0.0,0.0,2.0
853,GN,Guinea,5,41864,0.0,21.0,10.0,0.0,0.0,2.0
854,GN,Guinea,5,41865,0.0,22.0,11.0,1.0,1.0,3.0
855,GN,Guinea,5,41866,0.0,22.0,11.0,1.0,1.0,3.0
856,GN,Guinea,5,41867,0.0,22.0,11.0,1.0,1.0,3.0
857,GN,Guinea,5,41868,0.0,22.0,11.0,1.0,1.0,3.0
858,GN,Guinea,5,41869,0.0,22.0,11.0,1.0,1.0,3.0
859,GN,Guinea,5,41870,0.0,22.0,11.0,1.0,1.0,3.0
860,GN,Guinea,5,41871,0.0,24.0,11.0,1.0,1.0,3.0
861,GN,Guinea,5,41872,0.0,25.0,11.0,1.0,2.0,3.0
862,GN,Guinea,5,41873,0.0,27.0,11.0,1.0,4.0,3.0
863,GN,Guinea,5,41874,0.0,29.0,11.0,2.0,6.0,3.0
864,GN,Guinea,5,41875,0.0,29.0,11.0,1.0,6.0,3.0
865,GN,Guinea,5,41876,0.0,30.0,11.0,1.0,7.0,3.0
866,GN,Guinea,5,41877,0.0,31.0,11.0,1.0,8.0,3.0
867,GN,Guinea,5,41878,0.0,32.0,11.0,1.0,9.0,3.0
868,GN,Guinea,5,41879,0.0,36.0,11.0,4.0,14.0,3.0
869,GN,Guinea,5,41880,0.0,36.0,12.0,0.0,14.0,3.0
870,GN,Guinea,5,41881,0.0,41.0,13.0,4.0,21.0,3.0
871,GN,Guinea,5,41882,0.0,42.0,13.0,1.0,22.0,3.0
872,GN,Guinea,5,41883,1.0,46.0,13.0,4.0,25.0,3.0
873,GN,Guinea,5,41884,1.0,46.0,14.0,0.0,25.0,3.0
874,GN,Guinea,5,41885,1.0,47.0,14.0,1.0,26.0,3.0
875,GN,Guinea,5,41886,1.0,48.0,15.0,1.0,27.0,3.0
876,GN,Guinea,5,41887,1.0,49.0,16.0,0.0,27.0,3.0
877,GN,Guinea,5,41888,2.0,49.0,16.0,1.0,28.0,3.0
878,GN,Guinea,5,41889,2.0,49.0,16.0,0.0,28.0,3.0
879,GN,Guinea,5,41890,2.0,49.0,16.0,0.0,28.0,3.0
880,GN,Guinea,5,41891,2.0,49.0,16.0,0.0,28.0,3.0
881,GN,Guinea,5,41892,2.0,50.0,16.0,1.0,28.0,3.0
882,GN,Guinea,5,41893,2.0,50.0,16.0,0.0,28.0,3.0
883,GN,Guinea,5,41894,2.0,51.0,16.0,2.0,30.0,3.0
884,GN,Guinea,5,41895,2.0,51.0,18.0,0.0,30.0,3.0
885,GN,Guinea,5,41896,2.0,51.0,18.0,0.0,30.0,3.0
886,GN,Guinea,5,41897,2.0,51.0,18.0,0.0,30.0,3.0
887,GN,Guinea,5,41898,2.0,51.0,18.0,1.0,30.0,3.0
888,GN,Guinea,5,41899,2.0,51.0,22.0,0.0,30.0,3.0
889,GN,Guinea,5,41900,2.0,51.0,22.0,0.0,30.0,3.0
890,GN,Guinea,5,41901,2.0,51.0,22.0,0.0,30.0,3.0
891,GN,Guinea,5,41902,2.0,51.0,22.0,0.0,30.0,3.0
892,GN,Guinea,5,41903,2.0,53.0,22.0,2.0,31.0,3.0
893,GN,Guinea,5,41904,2.0,53.0,22.0,0.0,31.0,3.0
894,GN,Guinea,5,41905,2.0,53.0,22.0,0.0,31.0,3.0
895,GN,Guinea,5,41906,2.0,53.0,22.0,0.0,31.0,3.0
896,GN,Guinea,5,41907,2.0,53.0,22.0,0.0,31.0,3.0
897,GN,Guinea,5,41908,3.0,53.0,22.0,0.0,31.0,3.0
898,GN,Guinea,5,41909,3.0,54.0,22.0,0.0,32.0,3.0
899,GN,Guinea,5,41910,3.0,55.0,22.0,0.0,33.0,3.0
900,GN,Guinea,5,41911,3.0,56.0,22.0,1.0,34.0,3.0
901,GN,Guinea,5,41912,3.0,56.0,22.0,0.0,34.0,3.0
902,GN,Guinea,5,41913,3.0,56.0,22.0,0.0,34.0,3.0
903,GN,Guinea,5,41914,3.0,58.0,22.0,2.0,37.0,3.0
904,GN,Guinea,5,41915,3.0,61.0,22.0,4.0,40.0,3.0
905,GN,Guinea,5,41916,3.0,64.0,22.0,7.0,43.0,3.0
906,GN,Guinea,5,41917,3.0,66.0,22.0,9.0,46.0,3.0
907,GN,Guinea,5,41918,3.0,69.0,22.0,11.0,49.0,3.0
908,GN,Guinea,5,41919,4.0,72.0,22.0,14.0,53.0,3.0
909,GN,Guinea,5,41920,5.0,76.0,22.0,5.0,58.0,3.0
910,GN,Guinea,5,41921,5.0,77.0,24.0,3.0,58.0,3.0
911,GN,Guinea,5,41922,5.0,78.0,24.0,2.0,58.0,3.0
912,GN,Guinea,5,41923,6.0,79.0,26.0,1.0,59.0,3.0
913,GN,Guinea,5,41924,6.0,81.0,30.0,2.0,62.0,3.0
914,GN,Guinea,5,41925,6.0,82.0,30.0,1.0,63.0,3.0
915,GN,Guinea,5,41926,7.0,82.0,31.0,0.0,63.0,3.0
916,GN,Guinea,5,41927,7.0,82.0,32.0,0.0,63.0,3.0
917,GN,Guinea,5,41928,7.0,83.0,32.0,1.0,64.0,3.0
918,GN,Guinea,5,41929,8.0,83.0,32.0,0.0,64.0,3.0
919,GN,Guinea,5,41930,8.0,86.0,34.0,2.0,65.0,3.0
920,GN,Guinea,5,41931,8.0,86.0,35.0,0.0,65.0,3.0
921,GN,Guinea,5,41932,9.0,88.0,36.0,2.0,66.0,3.0
922,GN,Guinea,5,41933,9.0,88.0,38.0,0.0,67.0,3.0
923,GN,Guinea,5,41934,9.0,88.0,38.0,0.0,67.0,3.0
924,GN,Guinea,5,41935,10.0,89.0,38.0,9.0,76.0,3.0
925,GN,Guinea,5,41936,1.0,89.0,38.0,1.0,76.0,3.0
926,GN,Guinea,5,41937,1.0,93.0,38.0,4.0,76.0,3.0
927,GN,Guinea,5,41938,1.0,95.0,38.0,0.0,76.0,3.0
928,GN,Guinea,5,41939,1.0,95.0,38.0,5.0,76.0,3.0
929,GN,Guinea,5,41940,1.0,96.0,38.0,1.0,77.0,3.0
930,GN,Guinea,5,41941,1.0,96.0,39.0,0.0,77.0,3.0
931,GN,Guinea,5,41942,1.0,96.0,39.0,0.0,77.0,3.0
932,GN,Guinea,5,41943,1.0,96.0,39.0,0.0,77.0,3.0
933,GN,Guinea,5,41944,1.0,96.0,39.0,0.0,78.0,3.0
934,GN,Guinea,5,41945,0.0,97.0,40.0,1.0,78.0,3.0
935,GN,Guinea,5,41946,0.0,100.0,42.0,3.0,81.0,3.0
936,GN,Guinea,5,41947,0.0,100.0,43.0,0.0,81.0,3.0
937,GN,Guinea,5,41948,0.0,100.0,44.0,0.0,81.0,3.0
938,GN,Guinea,5,41949,0.0,102.0,45.0,3.0,84.0,3.0
939,GN,Guinea,5,41950,0.0,102.0,45.0,0.0,84.0,3.0
940,GN,Guinea,5,41951,0.0,102.0,46.0,1.0,85.0,3.0
941,GN,Guinea,5,41952,0.0,103.0,47.0,0.0,85.0,3.0
942,GN,Guinea,5,41953,0.0,104.0,49.0,3.0,86.0,4.0
943,GN,Guinea,5,41954,0.0,107.0,50.0,1.0,89.0,4.0
944,GN,Guinea,5,41955,0.0,109.0,50.0,0.0,90.0,4.0
945,GN,Guinea,5,41956,0.0,110.0,51.0,1.0,22.0,4.0
946,GN,Guinea,5,41957,0.0,110.0,51.0,0.0,22.0,4.0
947,GN,Guinea,5,41958,0.0,111.0,51.0,0.0,22.0,4.0
1185,GN,Guinea,8,41722,0.0,0.0,0.0,0.0,0.0,0.0
1186,GN,Guinea,8,41723,27.0,2.0,60.0,0.0,86.0,1.0
1187,GN,Guinea,8,41724,41.0,4.0,62.0,0.0,86.0,1.0
1188,GN,Guinea,8,41725,55.0,5.0,66.0,0.0,103.0,2.0
1189,GN,Guinea,8,41726,90.0,8.0,71.0,0.0,114.0,3.0
1190,GN,Guinea,8,41727,21.0,10.0,74.0,0.0,117.0,3.0
1191,GN,Guinea,8,41728,21.0,12.0,76.0,0.0,120.0,4.0
1192,GN,Guinea,8,41729,21.0,13.0,77.0,0.0,123.0,5.0
1193,GN,Guinea,8,41730,21.0,16.0,79.0,0.0,126.0,5.0
1194,GN,Guinea,8,41731,21.0,17.0,81.0,0.0,129.0,6.0
1195,GN,Guinea,8,41732,21.0,20.0,82.0,0.0,131.0,7.0
1196,GN,Guinea,8,41733,21.0,21.0,85.0,0.0,135.0,7.0
1197,GN,Guinea,8,41734,21.0,23.0,86.0,0.0,136.0,8.0
1198,GN,Guinea,8,41735,21.0,25.0,88.0,0.0,137.0,10.0
1199,GN,Guinea,8,41736,21.0,27.0,89.0,0.0,137.0,10.0
1200,GN,Guinea,8,41737,21.0,28.0,90.0,0.0,138.0,11.0
1201,GN,Guinea,8,41738,21.0,31.0,91.0,0.0,139.0,12.0
1202,GN,Guinea,8,41739,21.0,32.0,91.0,0.0,139.0,12.0
1203,GN,Guinea,8,41740,21.0,35.0,92.0,0.0,141.0,13.0
1204,GN,Guinea,8,41741,21.0,36.0,93.0,0.0,142.0,14.0
1205,GN,Guinea,8,41742,21.0,38.0,93.0,0.0,142.0,14.0
1206,GN,Guinea,8,41743,21.0,40.0,94.0,1.0,143.0,15.0
1207,GN,Guinea,8,41744,21.0,42.0,95.0,1.0,145.0,16.0
1208,GN,Guinea,8,41745,21.0,43.0,96.0,1.0,146.0,16.0
1209,GN,Guinea,8,41746,21.0,46.0,99.0,1.0,149.0,17.0
1210,GN,Guinea,8,41747,21.0,47.0,100.0,1.0,149.0,18.0
1211,GN,Guinea,8,41748,21.0,49.0,101.0,1.0,151.0,19.0
1212,GN,Guinea,8,41749,21.0,51.0,103.0,1.0,152.0,20.0
1213,GN,Guinea,8,41750,21.0,52.0,104.0,1.0,153.0,21.0
1214,GN,Guinea,8,41751,21.0,55.0,105.0,1.0,155.0,21.0
1215,GN,Guinea,8,41752,21.0,56.0,107.0,1.0,158.0,22.0
1216,GN,Guinea,8,41753,22.0,58.0,107.0,1.0,159.0,23.0
1217,GN,Guinea,8,41754,22.0,60.0,108.0,1.0,160.0,23.0
1218,GN,Guinea,8,41755,22.0,62.0,109.0,1.0,162.0,24.0
1219,GN,Guinea,8,41756,22.0,64.0,110.0,1.0,164.0,25.0
1220,GN,Guinea,8,41757,22.0,66.0,111.0,1.0,166.0,25.0
1221,GN,Guinea,8,41758,22.0,67.0,112.0,1.0,168.0,26.0
1222,GN,Guinea,8,41759,22.0,70.0,113.0,1.0,170.0,27.0
1223,GN,Guinea,8,41760,22.0,71.0,115.0,1.0,173.0,27.0
1224,GN,Guinea,8,41761,22.0,73.0,118.0,1.0,175.0,29.0
1225,GN,Guinea,8,41762,22.0,75.0,121.0,1.0,178.0,30.0
1226,GN,Guinea,8,41763,22.0,77.0,122.0,1.0,180.0,30.0
1227,GN,Guinea,8,41764,22.0,79.0,123.0,1.0,183.0,31.0
1228,GN,Guinea,8,41765,22.0,81.0,123.0,2.0,184.0,32.0
1229,GN,Guinea,8,41766,22.0,82.0,124.0,2.0,185.0,32.0
1230,GN,Guinea,8,41767,22.0,85.0,126.0,2.0,187.0,33.0
1231,GN,Guinea,8,41768,22.0,86.0,128.0,2.0,190.0,34.0
1232,GN,Guinea,8,41769,22.0,88.0,131.0,2.0,193.0,34.0
1233,GN,Guinea,8,41770,22.0,90.0,133.0,2.0,195.0,35.0
1234,GN,Guinea,8,41771,22.0,92.0,136.0,2.0,198.0,35.0
1235,GN,Guinea,8,41772,22.0,94.0,136.0,2.0,199.0,36.0
1236,GN,Guinea,8,41773,22.0,95.0,136.0,2.0,200.0,37.0
1237,GN,Guinea,8,41774,22.0,97.0,136.0,2.0,200.0,38.0
1238,GN,Guinea,8,41775,22.0,99.0,136.0,2.0,201.0,39.0
1239,GN,Guinea,8,41776,22.0,101.0,136.0,2.0,203.0,40.0
1240,GN,Guinea,8,41777,22.0,102.0,137.0,2.0,203.0,40.0
1241,GN,Guinea,8,41778,22.0,105.0,137.0,2.0,204.0,41.0
1242,GN,Guinea,8,41779,23.0,106.0,137.0,2.0,205.0,42.0
1243,GN,Guinea,8,41780,23.0,109.0,137.0,2.0,206.0,42.0
1244,GN,Guinea,8,41781,23.0,110.0,137.0,2.0,207.0,43.0
1245,GN,Guinea,8,41782,23.0,112.0,138.0,2.0,208.0,44.0
1246,GN,Guinea,8,41783,23.0,114.0,141.0,2.0,209.0,44.0
1247,GN,Guinea,8,41784,23.0,116.0,144.0,2.0,212.0,45.0
1248,GN,Guinea,8,41785,23.0,117.0,148.0,2.0,214.0,46.0
1249,GN,Guinea,8,41786,23.0,120.0,151.0,2.0,216.0,46.0
1250,GN,Guinea,8,41787,23.0,121.0,156.0,3.0,219.0,48.0
1251,GN,Guinea,8,41788,23.0,124.0,157.0,3.0,222.0,49.0
1252,GN,Guinea,8,41789,23.0,125.0,159.0,3.0,226.0,49.0
1253,GN,Guinea,8,41790,23.0,127.0,161.0,3.0,230.0,50.0
1254,GN,Guinea,8,41791,23.0,129.0,164.0,3.0,234.0,51.0
1255,GN,Guinea,8,41792,23.0,131.0,166.0,3.0,235.0,51.0
1256,GN,Guinea,8,41793,23.0,132.0,169.0,3.0,237.0,52.0
1257,GN,Guinea,8,41794,23.0,135.0,170.0,3.0,237.0,53.0
1258,GN,Guinea,8,41795,23.0,136.0,173.0,3.0,239.0,53.0
1259,GN,Guinea,8,41796,23.0,139.0,175.0,3.0,241.0,54.0
1260,GN,Guinea,8,41797,23.0,140.0,177.0,3.0,244.0,55.0
1261,GN,Guinea,8,41798,23.0,141.0,180.0,3.0,247.0,55.0
1262,GN,Guinea,8,41799,23.0,144.0,182.0,3.0,249.0,56.0
1263,GN,Guinea,8,41800,23.0,145.0,185.0,3.0,252.0,58.0
1264,GN,Guinea,8,41801,23.0,147.0,187.0,3.0,255.0,58.0
1265,GN,Guinea,8,41802,23.0,149.0,190.0,3.0,258.0,59.0
1266,GN,Guinea,8,41803,23.0,151.0,192.0,3.0,260.0,60.0
1267,GN,Guinea,8,41804,23.0,152.0,195.0,3.0,263.0,60.0
1268,GN,Guinea,8,41805,24.0,155.0,197.0,3.0,266.0,61.0
1269,GN,Guinea,8,41806,24.0,156.0,201.0,3.0,269.0,62.0
1270,GN,Guinea,8,41807,24.0,159.0,201.0,3.0,270.0,62.0
1271,GN,Guinea,8,41808,24.0,160.0,201.0,3.0,272.0,63.0
1272,GN,Guinea,8,41809,24.0,162.0,203.0,4.0,274.0,64.0
1273,GN,Guinea,8,41810,24.0,164.0,205.0,4.0,275.0,64.0
1274,GN,Guinea,8,41811,24.0,166.0,207.0,4.0,277.0,65.0
1275,GN,Guinea,8,41812,24.0,167.0,209.0,4.0,278.0,66.0
1276,GN,Guinea,8,41813,24.0,170.0,212.0,4.0,279.0,67.0
1277,GN,Guinea,8,41814,24.0,171.0,214.0,4.0,281.0,68.0
1278,GN,Guinea,8,41815,24.0,174.0,217.0,4.0,282.0,69.0
1279,GN,Guinea,8,41816,24.0,175.0,219.0,4.0,283.0,69.0
1280,GN,Guinea,8,41817,24.0,177.0,222.0,4.0,285.0,70.0
1281,GN,Guinea,8,41818,24.0,179.0,223.0,4.0,286.0,70.0
1282,GN,Guinea,8,41819,24.0,181.0,224.0,4.0,287.0,71.0
1283,GN,Guinea,8,41820,24.0,182.0,225.0,4.0,288.0,72.0
1284,GN,Guinea,8,41821,24.0,185.0,227.0,4.0,289.0,72.0
1285,GN,Guinea,8,41822,24.0,186.0,228.0,4.0,290.0,73.0
1286,GN,Guinea,8,41823,24.0,188.0,229.0,4.0,293.0,74.0
1287,GN,Guinea,8,41824,24.0,190.0,230.0,4.0,294.0,74.0
1288,GN,Guinea,8,41825,24.0,191.0,232.0,4.0,295.0,75.0
1289,GN,Guinea,8,41826,24.0,194.0,233.0,4.0,296.0,77.0
1290,GN,Guinea,8,41827,24.0,195.0,234.0,4.0,297.0,77.0
1291,GN,Guinea,8,41828,24.0,197.0,235.0,4.0,299.0,78.0
1292,GN,Guinea,8,41829,24.0,199.0,237.0,4.0,300.0,79.0
1293,GN,Guinea,8,41830,24.0,201.0,238.0,4.0,301.0,79.0
1294,GN,Guinea,8,41831,24.0,203.0,239.0,5.0,302.0,80.0
1295,GN,Guinea,8,41832,25.0,205.0,241.0,5.0,303.0,81.0
1296,GN,Guinea,8,41833,25.0,206.0,242.0,5.0,305.0,81.0
1297,GN,Guinea,8,41834,25.0,209.0,243.0,5.0,306.0,82.0
1298,GN,Guinea,8,41835,25.0,210.0,244.0,5.0,307.0,83.0
1299,GN,Guinea,8,41836,25.0,212.0,246.0,5.0,308.0,83.0
1300,GN,Guinea,8,41837,25.0,214.0,247.0,5.0,310.0,84.0
1301,GN,Guinea,8,41838,25.0,216.0,248.0,5.0,311.0,85.0
1302,GN,Guinea,8,41839,25.0,218.0,249.0,5.0,313.0,86.0
1303,GN,Guinea,8,41840,25.0,220.0,251.0,5.0,314.0,87.0
1304,GN,Guinea,8,41841,25.0,221.0,253.0,5.0,315.0,88.0
1305,GN,Guinea,8,41842,25.0,224.0,254.0,5.0,316.0,88.0
1306,GN,Guinea,8,41843,25.0,225.0,256.0,5.0,317.0,89.0
1307,GN,Guinea,8,41844,25.0,227.0,257.0,5.0,319.0,90.0
1308,GN,Guinea,8,41845,25.0,229.0,258.0,5.0,320.0,90.0
1309,GN,Guinea,8,41846,25.0,231.0,259.0,5.0,321.0,91.0
1310,GN,Guinea,8,41847,25.0,233.0,261.0,5.0,322.0,92.0
1311,GN,Guinea,8,41848,25.0,234.0,262.0,5.0,323.0,92.0
1312,GN,Guinea,8,41849,25.0,236.0,263.0,5.0,325.0,93.0
1313,GN,Guinea,8,41850,25.0,238.0,264.0,5.0,326.0,94.0
1314,GN,Guinea,8,41851,25.0,240.0,266.0,5.0,328.0,94.0
1315,GN,Guinea,8,41852,25.0,241.0,267.0,5.0,329.0,96.0
1316,GN,Guinea,8,41853,25.0,244.0,268.0,6.0,330.0,97.0
1317,GN,Guinea,8,41854,25.0,245.0,270.0,6.0,331.0,97.0
1318,GN,Guinea,8,41855,25.0,248.0,271.0,6.0,333.0,98.0
1319,GN,Guinea,8,41856,25.0,249.0,272.0,6.0,334.0,99.0
1320,GN,Guinea,8,41857,25.0,251.0,273.0,6.0,335.0,99.0
1321,GN,Guinea,8,41858,26.0,253.0,275.0,6.0,336.0,100.0
1322,GN,Guinea,8,41859,26.0,255.0,276.0,6.0,337.0,101.0
1323,GN,Guinea,8,41860,26.0,256.0,277.0,6.0,339.0,101.0
1324,GN,Guinea,8,41861,26.0,259.0,278.0,6.0,340.0,102.0
1325,GN,Guinea,8,41862,26.0,260.0,280.0,6.0,341.0,103.0
1326,GN,Guinea,8,41863,26.0,263.0,281.0,6.0,342.0,103.0
1327,GN,Guinea,8,41864,26.0,264.0,282.0,6.0,343.0,104.0
1328,GN,Guinea,8,41865,26.0,272.0,287.0,6.0,348.0,106.0
1329,GN,Guinea,8,41866,26.0,274.0,292.0,6.0,353.0,109.0
1330,GN,Guinea,8,41867,26.0,276.0,297.0,6.0,361.0,113.0
1331,GN,Guinea,8,41868,26.0,277.0,298.0,6.0,376.0,113.0
1332,GN,Guinea,8,41869,26.0,280.0,301.0,6.0,391.0,113.0
1333,GN,Guinea,8,41870,26.0,281.0,304.0,6.0,408.0,113.0
1334,GN,Guinea,8,41871,26.0,285.0,308.0,6.0,414.0,113.0
1335,GN,Guinea,8,41872,26.0,288.0,313.0,6.0,416.0,113.0
1336,GN,Guinea,8,41873,26.0,292.0,317.0,6.0,418.0,113.0
1337,GN,Guinea,8,41874,26.0,297.0,322.0,8.0,423.0,114.0
1338,GN,Guinea,8,41875,26.0,302.0,325.0,10.0,429.0,114.0
1339,GN,Guinea,8,41876,26.0,307.0,329.0,12.0,436.0,114.0
1340,GN,Guinea,8,41877,26.0,316.0,334.0,26.0,450.0,114.0
1341,GN,Guinea,8,41878,26.0,320.0,336.0,16.0,441.0,114.0
1342,GN,Guinea,8,41879,26.0,331.0,352.0,14.0,445.0,114.0
1343,GN,Guinea,8,41880,26.0,338.0,355.0,22.0,459.0,114.0
1344,GN,Guinea,8,41881,26.0,361.0,375.0,39.0,490.0,122.0
1345,GN,Guinea,8,41882,26.0,365.0,379.0,12.0,499.0,122.0
1346,GN,Guinea,8,41883,27.0,375.0,386.0,21.0,508.0,122.0
1347,GN,Guinea,8,41884,28.0,386.0,399.0,32.0,530.0,123.0
1348,GN,Guinea,8,41885,28.0,402.0,404.0,29.0,535.0,123.0
1349,GN,Guinea,8,41886,28.0,406.0,414.0,17.0,541.0,123.0
1350,GN,Guinea,8,41887,28.0,429.0,430.0,27.0,555.0,123.0
1351,GN,Guinea,8,41888,28.0,439.0,434.0,18.0,572.0,123.0
1352,GN,Guinea,8,41889,28.0,450.0,436.0,14.0,582.0,123.0
1353,GN,Guinea,8,41890,27.0,456.0,440.0,13.0,587.0,123.0
1354,GN,Guinea,8,41891,27.0,464.0,445.0,14.0,593.0,123.0
1355,GN,Guinea,8,41892,27.0,475.0,445.0,15.0,603.0,123.0
1356,GN,Guinea,8,41893,27.0,480.0,448.0,7.0,608.0,123.0
1357,GN,Guinea,8,41894,27.0,480.0,452.0,0.0,608.0,123.0
1358,GN,Guinea,8,41895,27.0,491.0,453.0,11.0,617.0,123.0
1359,GN,Guinea,8,41896,28.0,492.0,457.0,6.0,619.0,123.0
1360,GN,Guinea,8,41897,28.0,498.0,459.0,4.0,624.0,123.0
1361,GN,Guinea,8,41898,28.0,504.0,463.0,3.0,630.0,123.0
1362,GN,Guinea,8,41899,28.0,509.0,465.0,5.0,637.0,123.0
1363,GN,Guinea,8,41900,28.0,518.0,468.0,8.0,645.0,123.0
1364,GN,Guinea,8,41901,28.0,528.0,472.0,12.0,655.0,123.0
1365,GN,Guinea,8,41902,28.0,544.0,472.0,15.0,672.0,123.0
1366,GN,Guinea,8,41903,28.0,553.0,475.0,11.0,681.0,123.0
1367,GN,Guinea,8,41904,28.0,569.0,480.0,20.0,696.0,123.0
1368,GN,Guinea,8,41905,28.0,579.0,483.0,14.0,710.0,123.0
1369,GN,Guinea,8,41906,28.0,584.0,488.0,8.0,714.0,123.0
1370,GN,Guinea,8,41907,28.0,591.0,495.0,3.0,720.0,123.0
1371,GN,Guinea,8,41908,29.0,602.0,506.0,3.0,731.0,123.0
1372,GN,Guinea,8,41909,29.0,613.0,519.0,3.0,743.0,124.0
1373,GN,Guinea,8,41910,29.0,627.0,533.0,4.0,756.0,125.0
1374,GN,Guinea,8,41911,29.0,635.0,535.0,9.0,764.0,128.0
1375,GN,Guinea,8,41912,29.0,638.0,540.0,8.0,769.0,128.0
1376,GN,Guinea,8,41913,38.0,641.0,555.0,15.0,779.0,128.0
1377,GN,Guinea,8,41914,29.0,650.0,559.0,14.0,793.0,128.0
1378,GN,Guinea,8,41915,29.0,660.0,563.0,15.0,806.0,129.0
1379,GN,Guinea,8,41916,29.0,671.0,567.0,16.0,821.0,129.0
1380,GN,Guinea,8,41917,29.0,681.0,571.0,16.0,834.0,130.0
1381,GN,Guinea,8,41918,29.0,691.0,575.0,17.0,848.0,130.0
1382,GN,Guinea,8,41919,30.0,703.0,580.0,18.0,863.0,131.0
1383,GN,Guinea,8,41920,38.0,719.0,588.0,16.0,887.0,131.0
1384,GN,Guinea,8,41921,39.0,729.0,597.0,13.0,898.0,131.0
1385,GN,Guinea,8,41922,40.0,732.0,601.0,4.0,900.0,131.0
1386,GN,Guinea,8,41923,41.0,738.0,605.0,13.0,909.0,131.0
1387,GN,Guinea,8,41924,46.0,745.0,608.0,15.0,921.0,131.0
1388,GN,Guinea,8,41925,48.0,747.0,611.0,11.0,925.0,131.0
1389,GN,Guinea,8,41926,56.0,756.0,620.0,17.0,942.0,131.0
1390,GN,Guinea,8,41927,1.0,761.0,625.0,8.0,943.0,131.0
1391,GN,Guinea,8,41928,1.0,769.0,628.0,11.0,943.0,131.0
1392,GN,Guinea,8,41929,1.0,777.0,629.0,8.0,943.0,131.0
1393,GN,Guinea,8,41930,1.0,786.0,633.0,9.0,943.0,131.0
1394,GN,Guinea,8,41931,1.0,786.0,636.0,5.0,944.0,131.0
1395,GN,Guinea,8,41932,1.0,793.0,640.0,7.0,945.0,131.0
1396,GN,Guinea,8,41933,2.0,793.0,645.0,0.0,946.0,131.0
1397,GN,Guinea,8,41934,2.0,800.0,649.0,10.0,948.0,131.0
1398,GN,Guinea,8,41935,2.0,805.0,654.0,3.0,953.0,131.0
1399,GN,Guinea,8,41936,2.0,808.0,674.0,5.0,955.0,131.0
1400,GN,Guinea,8,41937,2.0,814.0,679.0,1.0,959.0,131.0
1401,GN,Guinea,8,41938,2.0,814.0,681.0,11.0,962.0,131.0
1402,GN,Guinea,8,41939,2.0,823.0,686.0,15.0,968.0,131.0
1403,GN,Guinea,8,41940,2.0,826.0,688.0,6.0,969.0,131.0
1404,GN,Guinea,8,41941,2.0,839.0,690.0,12.0,978.0,131.0
1405,GN,Guinea,8,41942,2.0,845.0,692.0,6.0,988.0,131.0
1406,GN,Guinea,8,41943,2.0,847.0,692.0,7.0,991.0,131.0
1407,GN,Guinea,8,41944,2.0,854.0,695.0,7.0,996.0,131.0
1408,GN,Guinea,8,41945,2.0,865.0,698.0,15.0,1010.0,131.0
1409,GN,Guinea,8,41946,2.0,875.0,707.0,13.0,1019.0,131.0
1410,GN,Guinea,8,41947,2.0,880.0,708.0,7.0,1020.0,131.0
1411,GN,Guinea,8,41948,2.0,884.0,711.0,5.0,1021.0,131.0
1412,GN,Guinea,8,41949,2.0,887.0,716.0,8.0,1022.0,131.0
1413,GN,Guinea,8,41950,2.0,890.0,721.0,5.0,1026.0,131.0
1414,GN,Guinea,8,41951,2.0,899.0,725.0,12.0,1037.0,131.0
1415,GN,Guinea,8,41952,2.0,908.0,730.0,14.0,1048.0,131.0
1416,GN,Guinea,8,41953,2.0,919.0,736.0,8.0,1060.0,132.0
1417,GN,Guinea,8,41954,2.0,928.0,741.0,7.0,1070.0,132.0
1418,GN,Guinea,8,41955,2.0,933.0,744.0,6.0,1070.0,132.0
1419,GN,Guinea,8,41956,2.0,936.0,744.0,3.0,1071.0,132.0
1420,GN,Guinea,8,41957,2.0,938.0,746.0,4.0,1076.0,132.0
1421,GN,Guinea,8,41958,3.0,941.0,749.0,6.0,1081.0,132.0
